{
  "students": [
    {
      "id": 1,
      "name": "Ahmed",
      "age": 20,
      "email": "Ahmed@gmail.com",
      "address": "16 elmothada street",
      "phone": "01123698541"
    },
    {
      "id": 2,
      "name": "Sama",
      "age": 25,
      "email": "Sama@gmail.com",
      "address": "16 elmothada street",
      "phone": "01123698541"
    },
    {
      "id": 3,
      "name": "KOKO",
      "age": 23,
      "email": "KOKO@gmail.com",
      "address": "16 elmothada street",
      "phone": "01123698541"
    },
    {
      "id": 4,
      "name": "Salma",
      "age": 24,
      "email": "Salma@gmail.com",
      "address": "16 elmothada street",
      "phone": "01123698541"
    },
    {
      "id": 5,
      "name": "Ramy",
      "age": 26,
      "email": "Ramy@gmail.com",
      "address": "16 elmothada street",
      "phone": "01123698541"
    },
    {
      "id": 6,
      "name": "Tamer",
      "age": 22,
      "email": "Tamer@gmail.com",
      "address": "16 elmothada street",
      "phone": "01123698541"
    },
    {
      "name": "Sayed Ahmed",
      "address": "5 8arby",
      "phone": "01066859059",
      "age": "25",
      "email": "mohamedk98498@gmail.com",
      "id": 35
    }
  ]
}