[{"name":"Mohamed Khaled ","mobileNumber":"01066859059 ","email":"mohamedk98498@gmail.com ","address":"5 abaza"},{"name":"Mohamed Khaled","mobileNumber":"01066859059","email":"mohamedk98498@gmail.com","address":"5 abaza"},{"name":"Mohamed Khaled","mobileNumber":"01066859059","email":"mohamedk98498@gmail.com","address":"5 abaza"},{"name":"Mohamed Khaled","mobileNumber":"01066859059","email":"mohamedk98498@gmail.com","address":"5 abaza"},{"name":"Mohamed Khaled","mobileNumber":"01066859059","email":"mohamedk98498@gmail.com","address":"5 abaza"},{"name":"Mohamed Khaled","mobileNumber":"01066859059","email":"mohamedk98498@gmail.com","address":"5 abaza"},{"name":"Mohamed Khaled","mobileNumber":"01066859059","email":"mohamedk98498@gmail.com","address":"5 abaza"},{"name":"Mohamed Khaled","mobileNumber":"01066859059","email":"mohamedk98498@gmail.com","address":"5 abaza"},{"name":"Mohamed Khaled","mobileNumber":"01066859059","email":"mohamedk98498@gmail.com","address":"5 abaza"},{"name":"Mohamed Khaled","mobileNumber":"01066859059","email":"mohamedk98498@gmail.com","address":"5 abaza"},{"name":"Mohamed Khaled","mobileNumber":"01066859059","email":"mohamedk98498@gmail.com","address":"5 abaza"},{"name":"Mohamed Khaled","mobileNumber":"01066859059","email":"mohamedk98498@gmail.com","address":"5 abaza"},{"name":"Mohamed Khaled","mobileNumber":"01066859059","email":"mohamedk98498@gmail.com","address":"5 abaza"},{"name":"Isaac P. Bosley","mobileNumber":"7722706945","email":"shadow.khela@gmail.com","address":"4499 Elkview Drive Vero Beach"},{"name":"Isaac P. Bosley","mobileNumber":"7722706945","email":"shadow.khela@gmail.com","address":"4499 Elkview Drive Vero Beach"},{"name":"Isaac P. Bosley","mobileNumber":"7722706945","email":"shadow.khela@gmail.com","address":"4499 Elkview Drive Vero Beach"},{"name":"Isaac P. Bosley","mobileNumber":"7722706945","email":"shadow.khela@gmail.com","address":"4499 Elkview Drive Vero Beach"},{"name":"Isaac P. Bosley","mobileNumber":"7722706945","email":"shadow.khela@gmail.com","address":"4499 Elkview Drive Vero Beach"},{"name":"Isaac P. Bosley","mobileNumber":"7722706945","email":"shadow.khela@gmail.com","address":"4499 Elkview Drive Vero Beach"},{"name":"Isaac P. Bosley","mobileNumber":"7722706945","email":"shadow.khela@gmail.com","address":"4499 Elkview Drive Vero Beach"},{"name":"Mohamed Khaled","mobileNumber":"01066859059","email":"mohamedk98498@gmail.com","address":"5 abaza"}]